BNF name,alternative names,,
5-Hydroxytryptophan,,,
abacavir,,,
abatacept,,,
abemaciclib [specialist drug],,,
abiraterone acetate,,,
abrocitinib,,,
acalabrutinib [specialist drug],,,
acamprosate calcium,,,
acarbose,,,
acebutolol,,,
aceclofenac,,,
Acemetacin,,,
acenocoumarol,,,
acetazolamide,,,
Acetic acid,,,
Acetohexamide,,,
Acetylcarnitine,,,
acetylcholine chloride,,,
acetylcysteine,,,
aciclovir,,,
Acidophilus,,,
acipimox,,,
acitretin,,,
aclidinium bromide,"Aclidinium,Aclidinium bromformoterol",
acrivastine,,,
Acyl carnitine,,,
adalimumab,,,
adapalene,,,
adefovir dipivoxil,,,
adenosine,,,
adrenaline/epinephrine,"Adrenaline,Epinephrine",
afatinib [specialist drug],,,
aflibercept [specialist drug],,,
agalsidase alfa,,,
agalsidase beta,,,
agomelatine,,,
Al hydroxide mg hydroxide simethicone,,,
albendazole,,,
albumin solution,Albumin human,,
alclometasone dipropionate,Alclometasone topical,,
alcohol,,,
aldesleukin [specialist drug],,,
alectinib [specialist drug],,,
alemtuzumab,,,
alendronic acid,"Alendronic acid colecalciferol,Alendronic acid with colecalciferol,Alendronate"
alfacalcidol,,,
alfentanil,,,
alfuzosin hydrochloride,,,
alginic acid,,,
alglucosidase alfa,,,
alimemazine tartrate,,,
alirocumab,,,
aliskiren,,,
alitretinoin,,,
allopurinol,,,
almond oil,,,
almotriptan,,,
Aloe vera,,,
alogliptin,,,
alpelisib [specialist drug],,,
alpha tocopherol,,,
alpha tocopheryl acetate,,,
Alpha-d-galactosidase,,,
alprazolam,,,
alprostadil,,,
alteplase,,,
aluminium acetate,Aluminum acetate topical,,
aluminium chloride hexahydrate,,,
Aluminum hydroxide,,,
alverine citrate,,,
amantadine hydrochloride,,,
ambrisentan,,,
amifampridine,,,
amikacin,,,
amiloride hydrochloride,"Amiloride hydrochloride with loop diuretics,Amiloride hydrochloride with thiazides,"
Amino acids,,,
aminophylline,,,
aminosalicylic acid,,,
amiodarone hydrochloride,,,
amisulpride,,,
amitriptyline hydrochloride,,,
amivantamab [specialist drug],,,
amlodipine,,,
Ammonium lactate topical,,,
amorolfine,,,
amoxicillin,,,
Amoxicillin clavulanate,co-amoxiclav,
Amphetamine,,,
amphotericin b,,,
ampicillin,,,
amsacrine [specialist drug],,,
Anagrelide,,,
anagrelide [specialist drug],,,
anakinra,,,
anastrozole,,,
andexanet alfa,,,
angiotensin ii,,,
anidulafungin,,,
anthrax vaccine,,,
anti-d (rh0) immunoglobulin,,,
antithymocyte immunoglobulin (rabbit),,,
apalutamide,,,
APAP dichloralphenazone isometheptene,,,
apixaban,,,
apomorphine hydrochloride,Apomorphine hydrochloride hemihydrate,,
apraclonidine,Apraclonidine ophthalmic,,
apremilast,,,
aprepitant,,,
arachis oil,,,
Argatroban,,,
argatroban monohydrate,,,
aripiprazole,,,
arsenic trioxide [specialist drug],,,
asciminib [specialist drug],,,
ascorbic acid,,,
asenapine,,,
asfotase alfa,,,
asparaginase [specialist drug],,,
aspirin,Aspirin with codeine,,
ataluren,,,
atazanavir,,,
atenolol,Atenolol with calcium channel blocker,,
atezolizumab [specialist drug],,,
atogepant,,,
atomoxetine,,,
atorvastatin,,,
atosiban,,,
atovaquone,,,
atracurium besilate,,,
atropine sulfate,,,
Attapulgite,,,
avacopan,,,
avalglucosidase alfa,,,
avanafil,,,
avapritinib [specialist drug],,,
avatrombopag,,,
avelumab [specialist drug],,,
axitinib [specialist drug],,,
azacitidine [specialist drug],,,
Azapropazone,,,
azathioprine,,,
azelaic acid,,,
azelastine hydrochloride,"Azelastine nasal,Azelastine ophthalmic",
azilsartan medoxomil,,,
azithromycin,,,
aztreonam,,,
bacillus calmette-guérin [specialist drug],,,
bacillus calmette-guérin vaccine,,,
Bacitracin,,,
baclofen,,,
baloxavir marboxil,,,
balsalazide sodium,,,
Balsam peru topical,,,
bambuterol hydrochloride,,,
Barberry,,,
baricitinib,,,
barrier creams and ointments,,,
basiliximab,,,
Becaplermin topical,,,
beclometasone dipropionate,,,
bedaquiline,,,
Bee pollen,,,
bee venom extract,,,
belantamab mafodotin [specialist drug],,,
belatacept,,,
belimumab,,,
Belladonna,,,
belumosudil,,,
belzutifan [specialist drug],,,
bemiparin sodium,,,
bempedoic acid,,,
bendamustine hydrochloride [specialist drug],,,
bendroflumethiazide,,,
Benorilate,,,
benperidol,,,
benralizumab,,,
benzalkonium chloride,,,
benzathine benzylpenicillin,,,
Benzocaine butamben tetracaine topical,,,
Benzocaine topical,,,
Benzonatate,,,
benzoyl peroxide,,,
Benztropine,,,
benzydamine hydrochloride,,,
benzyl benzoate,,,
benzylpenicillin sodium,,,
berotralstat,,,
Beta carotene,,,
betahistine dihydrochloride,,,
betaine,,,
betamethasone,"Betamethasone clotrimazole topical,Betamethasone topical",
betaxolol,,,
bethanechol chloride,,,
bevacizumab [specialist drug],Bevacizumab,,
bexarotene [specialist drug],,,
bezafibrate,,,
bezlotoxumab,,,
bicalutamide,,,
bilastine,,,
Bilberry,,,
bimatoprost,Bimatoprost ophthalmic,,
bimekizumab,,,
binimetinib [specialist drug],,,
Bioflavonoids,,,
Biotin,,,
Biperiden,,,
biphasic insulin aspart,,,
biphasic insulin lispro,,,
biphasic isophane insulin,,,
birch bark extract,,,
bisacodyl,,,
bismuth subsalicylate,,,
bisoprolol fumarate,Bisoprolol fumarate aspirin,,
bivalirudin,,,
Black cohosh,,,
bleomycin [specialist drug],,,
blinatumomab [specialist drug],,,
bortezomib [specialist drug],,,
bosentan,,,
bosutinib [specialist drug],,,
botulinum toxin type a,,,
botulism antitoxin,,,
brentuximab vedotin [specialist drug],,,
Brexpiprazole,,,
brigatinib [specialist drug],,,
brimonidine tartrate,Brimonidine ophthalmic,,
brinzolamide,Brinzolamide ophthalmic,,
brivaracetam,,,
brodalumab,,,
brolucizumab [specialist drug],,,
Bromazepam,,,
bromfenac,,,
Bromhexine,,,
bromocriptine,,,
Brompheniramine,,,
Buclizine,paracetamol with buclizine hydrochloride,,
budesonide,,,
bulevirtide,,,
bumetanide,,,
bupivacaine hydrochloride,Bupivacaine with fentanyl,,
buprenorphine,Buprenorphine with naloxone,,
bupropion hydrochloride,,,
burosumab,,,
buserelin,,,
buspirone hydrochloride,,,
busulfan [specialist drug],,,
Butabarbital,,,
Butalbital,,,
Butoconazole topical,,,
Butorphanol,,,
Butylated hydroxytoluene topical,,,
c1-esterase inhibitor,,,
cabazitaxel [specialist drug],,,
cabergoline,,,
cabotegravir,,,
cabozantinib [specialist drug],,,
Cadexomer iodine,,,
Calamine topical,,,
calcifediol monohydrate,,,
Calcipotriene topical,,,
calcipotriol,,,
calcitonin (salmon),,,
calcitriol,,,
calcium acetate,,,
calcium carbonate,,,
calcium chloride,,,
calcium gluconate,,,
calcium lactate,,,
calcium phosphate,,,
calcium polystyrene sulfonate,,,
camellia sinensis,,,
Camphor menthol topical,Camphor topical,,
canagliflozin,,,
canakinumab,,,
candesartan cilexetil,,,
cangrelor,,,
cannabidiol,,,
cannabis extract,,,
Capecitabine,,,
capecitabine [specialist drug],,,
caplacizumab,,,
capsaicin,Capsaicin topical,,
captopril,,,
Carbachol ophthalmic,,,
carbamazepine,,,
Carbamide peroxide otic,,,
carbetocin,"Carbidopa levodopa,Carbidopa",
carbimazole,,,
Carbinoxamine,,,
carbocisteine,,,
carbomers,,,
carboplatin [specialist drug],Carboplatin,,
carboprost,,,
carfilzomib [specialist drug],,,
carglumic acid,,,
cariprazine,,,
Carisoprodol,,,
carmellose sodium,,,
carmustine [specialist drug],,,
carvedilol,,,
Casanthranol,Casanthranol docusate,,
Cascara sagrada,,,
caspofungin,,,
Castor oil,,,
Cats claw,,,
cefaclor,,,
cefadroxil,,,
cefalexin,,,
Cefamandole,,,
cefazolin,,,
cefepime,,,
cefiderocol,,,
cefixime,,,
cefotaxime,,,
Cefotetan,,,
cefoxitin,,,
cefradine,,,
ceftaroline fosamil,,,
ceftazidime,,,
Ceftibuten,,,
ceftobiprole,,,
ceftriaxone,,,
cefuroxime,,,
celecoxib,,,
celiprolol hydrochloride,,,
cemiplimab [specialist drug],,,
cenobamate,,,
Cephalothin,,,
ceritinib [specialist drug],,,
Cerivastatin,,,
certolizumab pegol,,,
cetirizine hydrochloride,,,
cetrorelix,,,
cetuximab [specialist drug],,,
Cetylpyridinium topical,,,
Cevimeline,,,
Chamomile,,,
"charcoal, activated",Charcoal sorbitol,,
chenodeoxycholic acid,,,
chloral hydrate,,,
chlorambucil [specialist drug],Chlorambucil,,
chloramphenicol,,,
chlordiazepoxide hydrochloride,,,
chlorhexidine,Chlorhexidine topical,,
chlormethine [specialist drug],,,
chloroprocaine hydrochloride,,,
chloroquine,,,
chlorphenamine maleate,,,
chlorpromazine hydrochloride,Chlorpropamide,,
Chlorprothixene,,,
chlortalidone,,,
Chlorzoxazone,,,
cholera vaccine (inactivated),,,
cholera vaccine (live),,,
cholic acid,,,
choline salicylate,,,
choriogonadotropin alfa,,,
Chromium picolinate,,,
ciclesonide,,,
ciclosporin,Ciclopirox topical,,
cidofovir,,,
Cilastatin,,,
Cilazapril,,,
cilostazol,,,
cimetidine,,,
cinacalcet,,,
cinnarizine,,,
cipaglucosidase alfa,,,
ciprofibrate,,,
ciprofloxacin,,,
Cisapride,,,
cisatracurium,,,
cisplatin [specialist drug],Cisplatin,,
citalopram,,,
citric acid,,,
cladribine,,,
clarithromycin,,,
Clavulanate,,,
Clemastine,,,
clindamycin,,,
clobazam,,,
clobetasol propionate,Clobetasol topical,,
clobetasone butyrate,,,
clofarabine [specialist drug],,,
clofazimine,,,
clomethiazole,Clomethiazole edisilate,,
clomifene citrate,,,
clomipramine hydrochloride,,,
clonazepam,,,
clonidine hydrochloride,,,
clopidogrel,,,
Cloral betaine,,,
Clorazepate,,,
clotrimazole,,,
clozapine,,,
co-amilofruse,,,
co-amilozide,,,
co-amoxiclav,,,
co-beneldopa,,,
co-careldopa,,,
co-codamol,,,
co-cyprindiol,,,
co-danthramer,,,
co-danthrusate,,,
co-fluampicil,,,
co-flumactone,,,
co-magaldrox,,,
co-phenotrope,,,
co-simalcite,,,
co-tenidone,,,
co-trimoxazole,,,
coal tar,,,
Coamilofruse amiloride hydrochloride frusemide,Coamilozide amiloride hydrochloride hydrochlorothiazide,,
Cobeneldopa benserazide levodopa,,,
cobicistat,,,
cobimetinib [specialist drug],,,
Cocareldopa carbidopa levodopa,,,
Cod liver oil,,,
codeine phosphate,,,
Coenzyme Q10,,,
Coflumactone hydroflumethiazide spironolactone,,,
colchicine,,,
colecalciferol,,,
colesevelam hydrochloride,,,
colestipol hydrochloride,,,
colestyramine,,,
colistimethate sodium,,,
Colistin sulfate otic,,,
Collagenase topical,,,
Compound iron preparations,,,
conestat alfa,,,
conjugated oestrogens (equine),,,
Coprenozide oxprenolol hydrochloride cyclopenthiazide,,,
Corticosterone,,,
Cortisone,,,
Cotenidone atenolol chlortalidone,,,
covid-19 vaccine,,,
Cozidocapt hydrochlorothiazidecaptopril,,,
cranberry,,,
crisantaspase [specialist drug],,,
crizanlizumab,,,
crizotinib [specialist drug],,,
Cromolyn,,,
crotamiton,,,
Curcumin,,,
cyanocobalamin,,,
cyclizine,,,
Cyclobenzaprine,,,
Cyclopenthiazide,,,
cyclopentolate hydrochloride,,,
cyclophosphamide,,,
cycloserine,,,
cyproheptadine hydrochloride,,,
cyproterone acetate,,,
cytarabine [specialist drug],,,
cytisinicline,,,
cytomegalovirus immunoglobulin,,,
dabigatran etexilate,,,
dabrafenib [specialist drug],,,
dacarbazine [specialist drug],,,
dacomitinib [specialist drug],,,
dairy products,,,
dalbavancin,,,
dalteparin sodium,,,
danaparoid sodium,,,
Danazol,,,
Dandelion,,,
dantrolene sodium,,,
dapagliflozin,,,
dapoxetine,,,
dapsone,,,
daptomycin,,,
daratumumab,,,
darbepoetin alfa,,,
daridorexant,,,
darifenacin,,,
darolutamide,,,
darunavir,,,
dasatinib [specialist drug],,,
daunorubicin [specialist drug],,,
decitabine [specialist drug],,,
deferasirox,,,
deferiprone,,,
deflazacort,,,
degarelix,,,
delafloxacin,,,
delamanid,,,
demeclocycline hydrochloride,,,
dengue vaccine,,,
denosumab,,,
dequalinium chloride,,,
desferrioxamine mesilate,,,
desflurane,,,
Desipramine,,,
desloratadine,,,
desmopressin,,,
desogestrel,,,
Desonide topical,,,
Desoximetasone topical,,,
deucravacitinib,,,
dexamethasone,"Dexamethasone ophthalmic,Dexamethasone topical",
dexamfetamine sulfate,,,
Dexbrompheniramine,,,
dexketoprofen,,,
dexmedetomidine,,,
dexrazoxane,,,
Dextroamphetamine,,,
Dextromethorphan,,,
diamorphine hydrochloride,,,
diazepam,,,
diazoxide,,,
Dibucaine topical,,,
diclofenac,,,
diclofenac potassium,,,
diclofenac sodium,,,
dicobalt edetate,,,
dicycloverine hydrochloride,,,
Dienestrol topical,,,
dienogest,,,
diethylcarbamazine,,,
diethylstilbestrol,,,
difelikefalin,,,
Diflunisal,,,
digoxin,,,
digoxin-specific antibody,,,
dihydrocodeine tartrate,Dihydrocodeine with paracetamol,,
Dihydrotachysterol,,,
Dihydroxyaluminum sodium carbonate,,,
diltiazem hydrochloride,,,
Dimenhydrinate,,,
dimethyl fumarate,,,
dimeticone,,,
Dimetindene,,,
dinoprostone,,,
dinutuximab beta [specialist drug],,,
Diphenhydramine cream,,,
Diphenoxylate,,,
diphtheria antitoxin,,,
Dipipanone hydrochloride with cyclizine,,,
Dipivefrin ophthalmic,,,
dipyridamole,Dipyridamole and aspirin,,
diroximel fumarate,,,
disopyramide,,,
disulfiram,,,
dithranol,,,
Divalproex sodium,,,
dobutamine,,,
docetaxel [specialist drug],,,
Docosanol topical,,,
Docusate senna,,,
docusate sodium,,,
Dofetilide,,,
dolutegravir,,,
domperidone,,,
donepezil hydrochloride,,,
dopamine hydrochloride,,,
doravirine,,,
dornase alfa,,,
dorzolamide,Dorzolamide ophthalmic,,
dostarlimab [specialist drug],,,
dosulepin hydrochloride,,,
doxapram hydrochloride,,,
doxazosin,,,
doxepin,,,
doxorubicin hydrochloride [specialist drug],,,
doxycycline,,,
Doxylamine,,,
dried prothrombin complex,,,
dronedarone,,,
droperidol,,,
drospirenone,,,
dulaglutide,,,
duloxetine,,,
dupilumab,,,
durvalumab [specialist drug],,,
dutasteride,,,
Dyphylline,,,
Echinacea,,,
econazole nitrate,Econazole topical,,
eculizumab,,,
edoxaban,,,
Edrophonium,,,
efavirenz,,,
efgartigimod alfa,,,
eflornithine,Eflornithine topical,,
eletriptan,,,
eliglustat,,,
elosulfase alfa,,,
elotuzumab [specialist drug],,,
eltrombopag,,,
elvitegravir,,,
emicizumab,,,
"emollient bath and shower products, antimicrobial-containing",,,
"emollient bath and shower products, paraffin-containing",,,
"emollient bath and shower products, soya-bean oil-containing",,,
"emollient creams and ointments, antimicrobial-containing",,,
"emollient creams and ointments, colloidal oatmeal-containing",,,
"emollient creams and ointments, paraffin-containing",,,
"emollients, urea-containing",,,
empagliflozin,,,
emtricitabine,,,
enalapril maleate,Enalapril maleate with diuretic,,
encorafenib [specialist drug],,,
enfortumab vedotin [specialist drug],,,
enfuvirtide,,,
enoxaparin sodium,,,
enoximone,,,
Enriched soy lecithin,,,
entacapone,,,
entecavir,,,
enteral feeds,,,
entrectinib [specialist drug],,,
enzalutamide,,,
ephedrine hydrochloride,,,
epinastine hydrochloride,Epinastine ophthalmic,,
epirubicin hydrochloride [specialist drug],,,
eplerenone,,,
epoetin alfa,,,
epoetin beta,,,
epoetin zeta,,,
epoprostenol,,,
eprosartan,,,
eptifibatide,,,
eptinezumab,,,
eravacycline,,,
erdosteine,,,
erenumab,,,
ergocalciferol,,,
Ergoloid mesylates,,,
ergometrine maleate,,,
eribulin [specialist drug],,,
erlotinib [specialist drug],,,
ertapenem,,,
ertugliflozin,,,
erythromycin,,,
escitalopram,,,
esketamine,,,
eslicarbazepine acetate,,,
esmolol hydrochloride,,,
esomeprazole,,,
Estazolam,,,
Esterified estrogens,,,
estradiol,"Estradiol topical,Estradiol valerate,Estradiol with progestogen"
estramustine phosphate [specialist drug],,,
estriol,Estriol and estrone,,
Estropipate,,,
etanercept,,,
etelcalcetide,,,
ethambutol hydrochloride,,,
ethinylestradiol,Ethinyl estradiol,,
ethosuximide,,,
Etidronate,,,
etodolac,,,
etomidate,,,
etonogestrel,,,
etoposide [specialist drug],Etoposide,,
etoricoxib,,,
etravirine,,,
european viper snake venom antiserum,,,
Evening primrose,,,
everolimus,,,
evolocumab,,,
exemestane,,,
exenatide,,,
ezetimibe,,,
factor ix [specialist drug],Factor IX complex,,
factor viia (recombinant),,,
"factor viii fraction, dried [specialist drug]",,,
factor viii inhibitor bypassing fraction [specialist drug],,,
factor xiii a-subunit (recombinant) [specialist drug],,,
"factor xiii fraction, dried [specialist drug]",,,
famciclovir,,,
famotidine,,,
fampridine,,,
faricimab [specialist drug],,,
febuxostat,,,
fedratinib [specialist drug],,,
Felbamate,,,
felbinac,,,
felodipine,,,
Fenbufen,,,
fenfluramine,,,
fenofibrate,,,
Fenoprofen,,,
fentanyl,Fentanyl topical,,
ferric carboxymaltose,,,
ferric derisomaltose,,,
ferric maltol,,,
Ferrous calcium citrate,,,
ferrous fumarate,,,
ferrous gluconate,,,
Ferrous glycine sulfate,,,
ferrous sulfate,,,
fesoterodine fumarate,,,
fexofenadine hydrochloride,,,
fezolinetant,,,
"fibrinogen, dried [specialist drug]",,,
fidaxomicin,,,
filgotinib,,,
filgrastim,,,
finasteride,,,
finerenone,,,
fingolimod,,,
flavoxate hydrochloride,,,
Flax,,,
flecainide acetate,,,
flucloxacillin,,,
fluconazole,,,
flucytosine,,,
fludarabine phosphate [specialist drug],,,
fludrocortisone acetate,,,
fludroxycortide,,,
flumazenil,,,
Flunisolide,,,
Flunizepam,,,
fluocinolone acetonide,Fluocinolone topical,,
fluocinonide,Fluocinonide topical,,
fluorescein sodium,,,
Fluoride topical,,,
fluorometholone,Fluorometholone ophthalmic,,
fluorouracil,,,
fluoxetine,,,
flupentixol,,,
flupentixol decanoate,,,
Fluphenazine,"Fluphenazine decanoate,Fluphenazine hydrochloride,"
flurazepam,,,
flurbiprofen,,,
flutamide,,,
fluticasone,Fluticasone salmeterol,,
fluvastatin,,,
fluvoxamine maleate,,,
folic acid,,,
folinic acid,,,
follitropin alfa,,,
follitropin delta,,,
fondaparinux sodium,,,
formaldehyde,,,
formoterol fumarate,,,
fosamprenavir,,,
fosaprepitant,,,
foscarnet sodium,,,
fosfomycin,,,
fosinopril sodium,,,
fosphenytoin sodium,,,
fostamatinib,,,
fostemsavir,,,
framycetin sulfate,Framycetin sulphate,,
fremanezumab,,,
fresh frozen plasma,,,
frovatriptan,,,
fulvestrant,,,
furosemide,,,
fusidic acid,,,
gabapentin,,,
galantamine,,,
galcanezumab,,,
galsulfase,,,
ganciclovir,,,
ganirelix,,,
Garlic,,,
Gatifloxacin,,,
gefitinib [specialist drug],,,
gelatin,,,
gemcitabine [specialist drug],,,
gemeprost,,,
gemfibrozil,,,
gemtuzumab ozogamicin [specialist drug],,,
gentamicin,"Gentamicin ophthalmic,Gentamicin topical,"
gilteritinib [specialist drug],,,
Ginger,,,
Ginkgo,,,
Ginseng,,,
givosiran,,,
glasdegib [specialist drug],,,
glatiramer acetate,,,
gliclazide,,,
glimepiride,,,
glipizide,,,
glofitamab [specialist drug],,,
glucagon,,,
glucarpidase,,,
glucosamine,,,
glucose,,,
Glutamic acid,,,
Glyburide,,,
glycerol,Glycerin,,
glycerol phenylbutyrate,,,
glyceryl trinitrate,,,
glycine,,,
glycopyrronium bromide,"Glycopyrronium inhaled,Glycopyrronium injectable,"
golimumab,,,
gonadorelin,,,
goserelin,,,
Gotu kola,,,
Gramicidin ophthalmic,,,
granisetron,,,
Grape seed oil,,,
grapefruit,,,
grass pollen extract,,,
Green tea,,,
griseofulvin,,,
Guaifenesin,,,
Guanabenz,,,
guanfacine,,,
guselkumab,,,
haem arginate,,,
Halcinonide topical,,,
Halobetasol topical,,,
haloperidol,,,
haloperidol decanoate,,,
Hawthorn,,,
Heme iron polypeptide,,,
heparin (unfractionated),,,
heparinoid,,,
hepatitis a and b vaccine,,,
hepatitis a vaccine,,,
hepatitis b immunoglobulin,,,
hepatitis b vaccine,,,
"herpes-zoster vaccine (recombinant, adjuvanted)",,,
Hetastarch,,,
Hexachlorophene topical,,,
hexetidine,,,
Higher folic acid content,,,
Holy basil,,,
homatropine hydrobromide,,,
,,,
Horse chestnut,,,
house dust mite extract,,,
human alpha1-proteinase inhibitor,,,
human papillomavirus vaccines,,,
Huperzine,,,
hyaluronidase,,,
hydralazine hydrochloride,,,
hydrochlorothiazide,,,
Hydrocodone,,,
hydrocortisone,,,
hydrocortisone butyrate,"Hydrocortisone ophthalmic,Hydrocortisone topical,"
hydrogen peroxide,Hydrogen peroxide topical,,
hydromorphone hydrochloride,,,
hydroxocobalamin,,,
Hydroxyapatite,,,
hydroxycarbamide,,,
hydroxychloroquine sulfate,,,
hydroxyethylcellulose,,,
Hydroxypropyl methylcellulose ophthalmic,,,
Hydroxyquinoline topical,,,
hydroxyzine hydrochloride,,,
hyoscine butylbromide,,,
hyoscine hydrobromide,,,
hypromellose,,,
Ibandronate,,,
ibandronic acid,,,
ibrutinib [specialist drug],,,
ibuprofen,"Ibuprofen lysine,Ibuprofen sodium dihydrate,"
icatibant,,,
ichthammol,,,
icosapent ethyl,,,
idarubicin hydrochloride [specialist drug],,,
idarucizumab,,,
idebenone,,,
idelalisib [specialist drug],,,
idursulfase,,,
ifosfamide [specialist drug],,,
iloprost,,,
imatinib [specialist drug],Imatinib,,
imidapril hydrochloride,,,
imiglucerase,,,
Imipenem,,,
Imipenem cilastatin,,,
imipramine hydrochloride,,,
imiquimod,Imiquimod topical,,
Immune globulin intramuscular,,,
Immune globulin intravenous,,,
Immune globulin subcutaneous,,,
inclisiran,,,
indacaterol,,,
indapamide,,,
indometacin,,,
indoramin,,,
infliximab,,,
influenza vaccine (inactivated),Influenza virus vaccine,,
influenza vaccine (live),Influenza virus vaccine,,
ingenol mebutate,,,
inosine pranobex,,,
inositol nicotinate,,,
inotersen,,,
inotuzumab ozogamicin [specialist drug],,,
insulin,,,
insulin aspart,,,
insulin degludec,,,
insulin detemir,,,
insulin glargine,,,
insulin glulisine,,,
insulin lispro,,,
interferon beta,,,
interferon gamma-1b,,,
intra-uterine contraceptive devices (copper),,,
Inuflora,,,
ipilimumab [specialist drug],,,
ipratropium bromide,Ipratropium nasal,,
irbesartan,Irbesartan with diuretic,,
irinotecan hydrochloride [specialist drug],Irinotecan,,
Iron and folic acid,,,
iron dextran,,,
Iron polysaccharide,,,
iron sucrose,,,
isatuximab [specialist drug],,,
isavuconazole,,,
isocarboxazid,,,
isoflurane,,,
isoniazid,,,
isophane insulin,,,
Isopropyl alcohol topical,,,
isosorbide dinitrate,,,
isosorbide mononitrate,,,
isotretinoin,,,
ispaghula husk,,,
Isradipine,,,
itraconazole,,,
ivabradine,,,
ivacaftor,,,
ivermectin,,,
ivosidenib [specialist drug],,,
ixazomib [specialist drug],,,
ixekizumab,,,
japanese encephalitis vaccine,,,
Kaolin,,,
ketamine,,,
ketoconazole,,,
ketoprofen,Ketorolac ophthalmic,,
ketorolac trometamol,,,
ketotifen,Ketotifen ophthalmic,,
L-tyrosine,,,
labetalol hydrochloride,,,
lacidipine,,,
lacosamide,,,
Lactase,,,
lactic acid,,,
Lactobacillus acidophilus,,,
lactulose,,,
lamivudine,,,
lamotrigine,,,
lanadelumab,,,
landiolol hydrochloride,,,
lanreotide,,,
lansoprazole,,,
lanthanum,,,
lapatinib [specialist drug],,,
laronidase,,,
larotrectinib [specialist drug],,,
latanoprost,Latanoprost ophthalmic,,
lauromacrogol 400,,,
lebrikizumab,,,
Lecithin,,,
leflunomide,,,
lenalidomide [specialist drug],,,
lenograstim,,,
lenvatinib [specialist drug],,,
lercanidipine hydrochloride,,,
letermovir,,,
letrozole,,,
Leucovorin,,,
leuprorelin acetate,Leuprolide,,
Levalbuterol,,,
levamisole,,,
levetiracetam,,,
Levmetamfetamine nasal,,,
levobunolol hydrochloride,,,
levobupivacaine,,,
levocarnitine,,,
levocetirizine hydrochloride,,,
Levodopa,,,
Levodopa carbidopa entacapone,,,
levofloxacin,,,
levofolinic acid,,,
levomenthol,,,
levomepromazine,,,
levonorgestrel,,,
levothyroxine sodium,,,
Lhistadine,,,
Licorice,,,
lidocaine hydrochloride,,,
linaclotide,,,
linagliptin,,,
Lindane topical,,,
linezolid,,,
liothyronine sodium,,,
Liotrix,,,
lipegfilgrastim,,,
liquid paraffin,,,
liraglutide,,,
lisdexamfetamine mesilate,,,
lisinopril,Lisinopril with diuretic,,
lithium carbonate,,,
lithium citrate,,,
lixisenatide,,,
lodoxamide,Lodoxamide ophthalmic,,
lofepramine,,,
lofexidine hydrochloride,,,
lomitapide,,,
lomustine [specialist drug],,,
loncastuximab tesirine [specialist drug],,,
loperamide hydrochloride,Loperamide hydrochloride and simeticone,,
loprazolam,,,
Loracarbef,,,
loratadine,,,
lorazepam,,,
lorlatinib [specialist drug],,,
lormetazepam,,,
Lornoxicam,,,
losartan potassium,Losartan potassium with diuretic,,
loteprednol etabonate,Loteprednol ophthalmic,,
loxapine,,,
Lubiprostone,,,
lumasiran,,,
Lumiracoxib,,,
lurasidone hydrochloride,,,
lusutrombopag,,,
Lutein,,,
lutropin alfa,,,
LVP solution,,,
Lycopene,,,
lymecycline,,,
Lysine,,,
macitentan,,,
macrogol 3350,,,
Magnesium amino acids chelate,,,
magnesium aspartate,,,
magnesium carbonate,,,
magnesium citrate,,,
magnesium glycerophosphate,,,
Magnesium glycinate,,,
magnesium hydroxide,,,
magnesium sulfate,,,
magnesium trisilicate,,,
malathion,,,
Manganese,,,
mannitol,,,
Maprotiline,Maprotiline hydrochloride,,
maralixibat,,,
maraviroc,,,
maribavir,,,
mavacamten,,,
"measles, mumps and rubella vaccine",,,
mebendazole,,,
mebeverine hydrochloride,,,
Meclizine,,,
medroxyprogesterone acetate,,,
mefenamic acid,,,
mefloquine,,,
megestrol acetate,,,
melatonin,,,
meloxicam,,,
Melperone hydrochloride,,,
melphalan [specialist drug],Melphalan,,
memantine hydrochloride,,,
menadiol sodium phosphate,,,
"meningococcal group b vaccine (rdna, component, adsorbed)",,,
menotrophin,,,
Menthol topical,,,
mepacrine hydrochloride,,,
Meperidine,,,
mepivacaine hydrochloride,,,
mepolizumab,,,
Meprobamate,,,
meptazinol,,,
Mequinol,,,
mercaptamine,,,
mercaptopurine,,,
meropenem,,,
mesalazine,,,
mesna,,,
Mestranol,,,
Metaproterenol,,,
metaraminol,,,
Metaxalone,,,
metformin hydrochloride,,,
methadone hydrochloride,,,
methenamine hippurate,,,
methocarbamol,,,
methotrexate,,,
Methotrimeprazine,,,
methoxy polyethylene glycol-epoetin beta,,,
methoxyflurane,,,
Methscopolamine,,,
Methyclothiazide,,,
Methylcellulose,,,
methyldopa,,,
Methylene blue,,,
methylnaltrexone bromide,,,
methylphenidate hydrochloride,,,
methylprednisolone,,,
Methylsulfonylmethane,,,
Methyltestostone,,,
methylthioninium chloride,,,
Metipranolol ophthalmic,,,
metoclopramide hydrochloride,,,
metolazone,,,
metoprolol tartrate,Metoprolol tartrate with diuretic,,
metreleptin,,,
metronidazole,,,
metyrapone,,,
mexiletine,,,
mianserin hydrochloride,,,
micafungin,,,
miconazole,,,
midazolam,,,
midodrine hydrochloride,,,
midostaurin [specialist drug],,,
mifamurtide [specialist drug],,,
mifepristone,,,
mifepristone and misoprostol,,,
migalastat,,,
Miglitol,,,
miglustat,,,
Milk thistle,,,
milrinone,,,
Mineral oil,,,
minocycline,,,
minoxidil,,,
mirabegron,,,
mirikizumab,,,
mirtazapine,,,
misoprostol,,,
mitomycin [specialist drug],,,
mitotane [specialist drug],,,
mitoxantrone [specialist drug],,,
mivacurium,,,
mizolastine,,,
mobocertinib [specialist drug],,,
moclobemide,,,
modafinil,,,
Moexipril hydrochloride,Moexipril,,
mogamulizumab [specialist drug],,,
Molindone,,,
molnupiravir,,,
mometasone furoate,,,
montelukast,,,
morphine,,,
mosunetuzumab [specialist drug],,,
moxifloxacin,,,
moxonidine,,,
Multivitamin,,,
mupirocin,Mupirocin topical,,
mycophenolate mofetil,,,
Mycophenolic acid,,,
N-acetyltyrosine,,,
nabilone,,,
nabumetone,,,
nadolol,,,
nafarelin,,,
naftidrofuryl oxalate,,,
Nalbuphine,,,
naldemedine,,,
nalmefene,,,
naloxegol,,,
naloxone hydrochloride,,,
naltrexone hydrochloride,,,
Naphazoline ophthalmic,,,
naproxen,,,
naratriptan,,,
natalizumab,,,
Nateglinide,,,
nebivolol,,,
Nefazodone,,,
nefopam hydrochloride,,,
nelarabine [specialist drug],,,
neomycin sulfate,Neomycin ophthalmic,,
Neomycin topical,,,
neostigmine,,,
nepafenac,,,
neratinib [specialist drug],,,
netilmicin,,,
nevirapine,,,
Niacin,,,
nicardipine hydrochloride,,,
nicorandil,,,
nicotinamide,Nicotinamide riboside,,
nicotine,,,
nicotinic acid,,,
nifedipine,,,
nilotinib [specialist drug],,,
nimodipine,,,
nintedanib,,,
niraparib [specialist drug],,,
nitisinone,,,
nitrazepam,,,
nitrofurantoin,,,
Nitroglycerin,,,
nitrous oxide,,,
nivolumab [specialist drug],,,
nizatidine,,,
nonoxinol,,,
noradrenaline/norepinephrine,Norepinephrine,,
norethisterone,,,
normal immunoglobulin,,,
nortriptyline,,,
nusinersen,,,
nystatin,,,
obeticholic acid,,,
obinutuzumab [specialist drug],,,
ocrelizumab,,,
ocriplasmin [specialist drug],,,
octreotide,,,
Ocular lubricant,,,
odevixibat,,,
Oestrogens conjugated with bazedoxifene,,,
Oestrogens conjugated with progestogen,,,
ofatumumab,,,
ofloxacin,,,
olanzapine,,,
olanzapine embonate,,,
olaparib [specialist drug],,,
olipudase alfa,,,
olive oil,,,
olmesartan medoxomil,"Olmesartan medoxomil amlodipine,Olmesartan medoxomil amlodipine hydrochlorothiazide,"
olodaterol,,,
olopatadine,Olopatadine ophthalmic,,
olsalazine sodium,,,
omalizumab,,,
Omega-3 ethyl esters,,,
omega-3-acid ethyl esters,,,
omeprazole,,,
ondansetron,,,
opicapone,,,
Opipramol,,,
opium,,,
oritavancin,,,
orlistat,,,
orphenadrine hydrochloride,,,
Orthosilicic acid,,,
oseltamivir,,,
osilodrostat,,,
osimertinib [specialist drug],,,
ospemifene,,,
Other bisphosphonate and other preparations,,,
Other calcium supplement preparations,,,
Other hypnotic preparations,,,
Other oral iron preparations,,,
Other vitamin D preparations,,,
oxaliplatin [specialist drug],,,
Oxaprozin,,,
oxazepam,,,
oxcarbazepine,,,
oxerutins,,,
Oxiconazole topical,,,
Oxitropium bromide,,,
Oxprenolol hydrochloride,,,
oxybuprocaine hydrochloride,,,
oxybutynin hydrochloride,,,
oxycodone hydrochloride,Oxycodone with naloxone,,
oxymetholone,,,
oxytetracycline,,,
oxytocin,,,
ozanimod,,,
paclitaxel [specialist drug],,,
palbociclib [specialist drug],,,
paliperidone,,,
palivizumab,,,
palonosetron,,,
Pamabrom,,,
pamidronate disodium,,,
pancreatin,,,
Pancrelipase,,,
pancuronium bromide,,,
panitumumab [specialist drug],,,
panobinostat [specialist drug],,,
pantoprazole,,,
Papainurea topical,,,
Papaverine,,,
Papaya,,,
paracetamol,"Paracetamol with buclizine hydrochloride and codeine phosphate, Acetaminophen",,
"paraffin, yellow, soft",,,
parathyroid hormone,,,
parecoxib,,,
parenteral nutrition supplements,,,
paricalcitol,,,
paroxetine,,,
pasireotide,,,
patiromer calcium,,,
patisiran,,,
pazopanib [specialist drug],,,
peanut protein,,,
Pectin,,,
pegaspargase [specialist drug],,,
pegcetacoplan,,,
pegfilgrastim,,,
peginterferon alfa,,,
peginterferon beta-1a,,,
pegunigalsidase alfa,,,
pegvisomant,,,
pembrolizumab [specialist drug],,,
pemetrexed [specialist drug],,,
pemigatinib [specialist drug],,,
penicillamine,,,
pentamidine isetionate,,,
pentazocine,,,
pentosan polysulfate sodium,,,
pentostatin [specialist drug],,,
pentoxifylline,,,
peppermint oil,,,
perampanel,,,
Pergolide,Pergolide mesilate,,
pericyazine,,,
perindopril arginine,Perindopril arginine with diuretic,,
perindopril erbumine,Perindopril erbumine with diuretic,,
Perindopril tosilate,"Perindopril tosilate indapamide,Perindopril with calcium channel blocker,"
permethrin,Permethrin topical,,
Perphenazine,,,
pertuzumab [specialist drug],,,
pethidine hydrochloride,,,
Petrolatum topical,,,
Phenazopyridine,,,
phenelzine,,,
phenindione,,,
Pheniramine,Pheniramine ophthalmic,,
phenobarbital,,,
phenol,Phenol topical,,
Phenolphthalein,,,
phenoxybenzamine hydrochloride,,,
phenoxymethylpenicillin,,,
Phentermine,,,
Phenylbutazone,,,
phenylephrine hydrochloride,,,
Phenyltoloxamine,,,
phenytoin,,,
phosphate,,,
Phosphatidyl serine,,,
Phosphorated carbohydrate solution,,,
phytomenadione,,,
pilocarpine,,,
pimecrolimus,Pimecrolimus topical,,
pimozide,,,
pindolol,,,
pioglitazone,,,
Piperacillin,,,
piracetam,,,
Pirbuterol,,,
pirfenidone,,,
piroxicam,,,
pitolisant,,,
pivmecillinam hydrochloride,,,
pixantrone [specialist drug],,,
pizotifen,,,
plerixafor,,,
pneumococcal polysaccharide conjugate vaccine (adsorbed),,,
pneumococcal polysaccharide vaccine,,,
podophyllotoxin,,,
Podophyllum,,,
polatuzumab vedotin [specialist drug],,,
Polyethylene glycol 3350,,,
Polyethylene glycol 3350 with electrolytes,,,
Polymyxin B topical,,,
Polysaccharide iron complex,,,
Polythiazide,,,
polyvinyl alcohol,,,
pomalidomide [specialist drug],,,
ponatinib [specialist drug],,,
ponesimod,,,
porfimer sodium [specialist drug],,,
posaconazole,,,
potassium aminobenzoate,,,
Potassium bicarbonate potassium citrate,,,
potassium chloride,,,
Potassium iodide,,,
potassium permanganate,,,
Potassium phosphate sodium phosphate,,,
povidone-iodine,,,
pralidoxime chloride,,,
pralsetinib [specialist drug],,,
pramipexole,,,
Pramlintide,,,
Pramoxine topical,,,
Pramoxine zinc oxide topical,,,
prasterone,,,
prasugrel,,,
pravastatin sodium,,,
praziquantel,,,
prazosin,,,
prednisolone,,,
pregabalin,,,
Pregnenolone,,,
pridinol,,,
prilocaine hydrochloride,,,
primaquine,,,
primidone,,,
Probiotic,,,
procarbazine [specialist drug],,,
prochlorperazine,,,
procyclidine hydrochloride,,,
progesterone,,,
proguanil hydrochloride,,,
promazine hydrochloride,,,
promethazine hydrochloride,,,
promethazine teoclate,,,
propafenone hydrochloride,,,
propamidine isetionate,,,
propantheline bromide,,,
propiverine hydrochloride,,,
propofol,,,
Propoxyphene,,,
propranolol hydrochloride,Propranolol hydrochloride with diuretic,,
Propylene glycol,,,
propylthiouracil,,,
protamine sulfate,,,
protein c concentrate [specialist drug],,,
proxymetacaine hydrochloride,,,
prucalopride,,,
pseudoephedrine hydrochloride,,,
Psyllium,,,
Pycnogenol,,,
Pygeum,,,
pyrazinamide,,,
pyridostigmine bromide,,,
pyridoxine hydrochloride,,,
Pyrilamine,,,
pyrimethamine,,,
quetiapine,,,
quinagolide,,,
quinapril,Quinapril hydrochloride with diuretic,,
quinine,Quinine phenylethylbarbiturate,,
rabeprazole sodium,,,
rabies immunoglobulin,,,
rabies vaccine,,,
raloxifene hydrochloride,,,
raltegravir,,,
raltitrexed [specialist drug],,,
Ramelteon,,,
ramipril,Ramipril with calcium channel blocker,,
ramucirumab [specialist drug],,,
ranibizumab [specialist drug],,,
ranitidine,,,
ranolazine,,,
rasagiline,,,
rasburicase,,,
ravulizumab,,,
reboxetine,,,
Red yeast rice,,,
regorafenib [specialist drug],,,
relugolix,,,
remdesivir,,,
remifentanil,,,
remimazolam,,,
repaglinide,,,
Reserpine,,,
reslizumab,,,
Resveratrol,,,
rezafungin,,,
Rhodiola rosea,,,
ribavirin,,,
ribociclib [specialist drug],,,
rifabutin,,,
rifampicin,,,
rifaximin,,,
rilpivirine,,,
riluzole,,,
rimegepant,,,
Rimexolone ophthalmic,,,
riociguat,,,
ripretinib [specialist drug],,,
risankizumab,,,
risdiplam,,,
risedronate sodium,,,
Risedronate with calcium carbonate and colecalciferol,,,
risperidone,,,
ritlecitinib,,,
ritonavir,,,
rituximab,,,
rivaroxaban,,,
rivastigmine,,,
rizatriptan,,,
rocuronium bromide,,,
Rofecoxib,,,
roflumilast,,,
romiplostim,,,
romosozumab,,,
ropeginterferon alfa-2b [specialist drug],,,
ropinirole,,,
ropivacaine hydrochloride,,,
Rosiglitazone,,,
rosuvastatin,,,
rotavirus vaccine,,,
rotigotine,,,
roxadustat,,,
Royal jelly,,,
rucaparib [specialist drug],,,
rufinamide,,,
rupatadine,,,
ruxolitinib [specialist drug],,,
sacituzumab govitecan [specialist drug],,,
Sadenosylmethionine,,,
safinamide,,,
salbutamol,,,
Salicylamide,,,
salicylic acid,Salicylic acid topical,,
salmeterol,,,
Salsalate,,,
sapropterin dihydrochloride,,,
Sargramostim,,,
sarilumab,,,
Saw palmetto,,,
saxagliptin,,,
Scopolamine,,,
sebelipase alfa,,,
secukinumab,,,
selegiline hydrochloride,,,
selenium,,,
selexipag,,,
selinexor [specialist drug],,,
selpercatinib [specialist drug],,,
semaglutide,,,
senna,,,
sertraline,,,
setmelanotide,,,
sevelamer,,,
sevoflurane,,,
Sibutramine,,,
sildenafil,,,
Silodosin,,,
siltuximab,,,
silver nitrate,,,
silver sulfadiazine,Silver sulfadiazine topical,,
simeticone,,,
simvastatin,,,
siponimod,,,
sirolimus,,,
sitagliptin,,,
sodium benzoate,,,
sodium bicarbonate,Sodium biphosphate sodium phosphate,,
sodium chloride,"Sodium chloride hypertonic ophthalmic,Sodium chloride nasal,"
sodium citrate,,,
sodium clodronate,,,
sodium cromoglicate,,,
sodium feredetate,,,
Sodium ferric gluconate complex,,,
sodium fluoride,,,
sodium hyaluronate,,,
sodium nitrite,,,
sodium nitroprusside,,,
sodium oxybate,,,
sodium phenylbutyrate,,,
sodium picosulfate,,,
sodium polystyrene sulfonate,,,
sodium tetradecyl sulfate,,,
sodium thiosulfate,,,
sodium valproate,,,
sodium zirconium cyclosilicate,,,
sofosbuvir,,,
solifenacin succinate,,,
solriamfetol,,,
somatropin,,,
sorafenib [specialist drug],,,
Sorbitol,,,
sotalol hydrochloride,,,
sotorasib [specialist drug],,,
sotrovimab,,,
soybean oil,,,
spesolimab,,,
spironolactone,"Spironolactone with loop diuretics,Spironolactone with thiazides,"
st john's wort,,,
Stavudine,,,
sterculia,,,
stiripentol,,,
streptokinase,,,
streptomycin,,,
streptozocin [specialist drug],,,
strontium ranelate,,,
Succinylcholine,,,
sucralfate,,,
sucroferric oxyhydroxide,,,
Sufentanil,,,
sugammadex,,,
Sulfacetamide sodium ophthalmic,Sulfacetamide sodium topical,,
sulfadiazine,,,
Sulfamethizole,,,
Sulfamethoxazole,Sulfamethoxazole trimethoprim,,
sulfasalazine,,,
sulindac,,,
sulpiride,,,
sumatriptan,,,
sunitinib [specialist drug],,,
suxamethonium chloride,,,
tacalcitol,,,
Tacrine,,,
tacrolimus,,,
tadalafil,,,
tafamidis,,,
tafasitamab [specialist drug],,,
tafluprost,,,
talazoparib [specialist drug],,,
talimogene laherparepvec [specialist drug],,,
talquetamab [specialist drug],,,
tamoxifen,,,
tamsulosin hydrochloride,"Tamsulosin with dutasteride,Tamsulosin with solifenacin,"
tapentadol,,,
Taurine,,,
Tazarotene topical,,,
Tazobactam,,,
tebentafusp [specialist drug],,,
teclistamab [specialist drug],,,
tedizolid,,,
teduglutide,,,
Tegaserod,,,
teicoplanin,,,
telmisartan,Telmisartan with diuretic,,
telotristat ethyl,,,
temazepam,,,
temocillin,,,
temoporfin [specialist drug],,,
temozolomide [specialist drug],Temozolomide,,
temsirolimus [specialist drug],,,
tenecteplase,,,
tenofovir alafenamide,,,
tenofovir disoproxil,,,
tenoxicam,,,
tepotinib [specialist drug],,,
terazosin,,,
terbinafine,,,
terbutaline sulfate,,,
Terconazole topical,,,
teriflunomide,,,
teriparatide,,,
terlipressin acetate,,,
testosterone,,,
"testosterone decanoate, isocaproate, phenylpropionate and propionate",,,
testosterone enantate,,,
testosterone propionate,,,
testosterone undecanoate,,,
Tetanus diphtheria toxoids,,,
tetanus immunoglobulin,,,
tetrabenazine,,,
tetracaine,,,
tetracosactide,,,
tetracycline,,,
Tetrahydrozoline ophthalmic,,,
tezepelumab,,,
thalidomide [specialist drug],Thalidomide,,
theophylline,,,
Thiamazole,,,
thiamine,,,
thiopental sodium,,,
Thioridazine,,,
thiotepa [specialist drug],,,
Thiothixene,,,
Thonzonium bromide otic,,,
thyrotropin alfa,,,
tiagabine,,,
tiaprofenic acid,,,
tibolone,,,
ticagrelor,,,
Ticarcillin,,,
tick-borne encephalitis vaccine,,,
Ticlopidine,,,
Ticlopidine hydrochloride,,,
tigecycline,,,
tildrakizumab,,,
Tiludronic acid,,,
timolol maleate,Timolol with diuretic,,
tinzaparin sodium,,,
tioconazole,,,
tioguanine [specialist drug],,,
tiotropium,,,
tirbanibulin,,,
tirofiban,,,
tirzepatide,,,
tivozanib [specialist drug],,,
tizanidine,,,
tobramycin,Tobramycin ophthalmic,,
tocilizumab,,,
tofacitinib,,,
Tolazamide,,,
tolbutamide,,,
tolcapone,,,
tolfenamic acid,,,
Tolmetin,,,
tolterodine tartrate,,,
tolvaptan,,,
topiramate,,,
topotecan [specialist drug],,,
torasemide,,,
toremifene,,,
trabectedin [specialist drug],,,
tralokinumab,,,
tramadol hydrochloride,Tramadol with paracetamol,,
trametinib [specialist drug],,,
trandolapril,Trandolapril with calcium channel blocker,,
tranexamic acid,,,
tranylcypromine,,,
trastuzumab [specialist drug],,,
trastuzumab deruxtecan [specialist drug],,,
trastuzumab emtansine [specialist drug],,,
travoprost,Travoprost ophthalmic,,
trazodone hydrochloride,,,
tree pollen extract,,,
tremelimumab [specialist drug],,,
treosulfan [specialist drug],,,
treprostinil,,,
tretinoin [specialist drug],Tretinoin topical,,
triamcinolone acetonide,,,
triamcinolone hexacetonide,Triamcinolone topical,,
triamterene,"Triamterene with loop diuretics,Triamterene with thiazides,"
Triazolam,,,
Tribulus terrestris,,,
Trichlormethiazide,,,
Triclofos sodium,,,
trientine,,,
Triethanolamine polypeptide oleate otic,,,
trifarotene,,,
trifluoperazine,,,
Trifluperidol,,,
trihexyphenidyl hydrochloride,,,
Trimetazidine hydrochloride,,,
Trimethobenzamide,,,
trimethoprim,,,
trimipramine,,,
Triprolidine,,,
triptorelin,,,
Trolamine salicylate topical,,,
tropicamide,,,
Tropisetron,,,
trospium chloride,,,
Trypsin,Trypsin topical,,
tryptophan,,,
tuberculin purified protein derivative,,,
tucatinib [specialist drug],,,
Turmeric,,,
typhoid vaccine (inactivated),,,
typhoid vaccine (live),,,
Ubiquinone,,,
ulipristal acetate,,,
umeclidinium,,,
Unoprostone ophthalmic,,,
upadacitinib,,,
urea (13c),,,
urea hydrogen peroxide,,,
Urea topical,,,
urofollitropin,,,
urokinase,,,
ursodeoxycholic acid,,,
Ursodiol,,,
ustekinumab,,,
valaciclovir,,,
Valdecoxib,,,
Valerian,,,
valganciclovir,,,
valproic acid,,,
valsartan,Valsartan with diuretic,,
vancomycin,,,
vandetanib [specialist drug],,,
vardenafil,,,
varenicline,,,
varicella-zoster immunoglobulin,,,
varicella-zoster vaccine,,,
vasopressin,,,
vecuronium bromide,,,
vedolizumab,,,
velaglucerase alfa,,,
velmanase alfa,,,
Velpatasvir,,,
vemurafenib [specialist drug],Vemurafenib,,
venetoclax [specialist drug],,,
venlafaxine,,,
verapamil hydrochloride,,,
vericiguat,,,
vernakalant,,,
verteporfin [specialist drug],,,
vigabatrin,,,
Vilanterol,,,
Vilazodone,,,
vildagliptin,,,
vinblastine sulfate [specialist drug],,,
vincristine sulfate [specialist drug],Vincristine,,
vindesine sulfate [specialist drug],,,
vinorelbine [specialist drug],,,
Vinpocetine,,,
vismodegib [specialist drug],,,
vitamin a,,,
vitamin b complex,,,
vitamins a and d,Vitamin A D topical,,
"vitamins a, c and d",,,
voclosporin,,,
volanesorsen,,,
von willebrand factor [specialist drug],,,
voriconazole,,,
vortioxetine,,,
voxelotor,,,
vutrisiran,,,
warfarin sodium,,,
wasp venom extract,,,
Wheat dextrin,,,
Wild yam,,,
Witch hazel topical,,,
xipamide,,,
xylometazoline hydrochloride,,,
yellow fever vaccine,,,
Yohimbine,,,
Zafirlukast,,,
Zaleplon,,,
zanamivir,,,
zanubrutinib [specialist drug],,,
zidovudine,,,
Zileuton,,,
zinc acetate,,,
Zinc oxide topical,,,
zinc sulfate,,,
Ziprasidone,Ziprasidone hydrochloride,,
zoledronic acid,,,
zolmitriptan,,,
zolpidem tartrate,,,
zonisamide,,,
zopiclone,,,
Zotepine,,,
zuclopenthixol,,,
zuclopenthixol acetate,,,
zuclopenthixol decanoate,,,
,,,
,,,
,,,
,,,